id,first_name,last_name,email,gender
1,Briana,Poole,bpoole0@dion.ne.jp,Female
2,Rozanne,Crux,rcrux1@ifeng.com,Female
3,Antoni,Keys,akeys2@accuweather.com,Male
4,Cherilynn,Tower,ctower3@hao123.com,Non-binary
5,Theodor,Semrad,tsemrad4@netlog.com,Male
6,Karena,Evershed,kevershed5@cornell.edu,Female
7,Dallis,Leyburn,dleyburn6@reverbnation.com,Male
8,Wilhelmina,Foakes,wfoakes7@bandcamp.com,Female
9,Shermy,O'Moylan,somoylan8@vinaora.com,Agender
10,Reube,Troni,rtroni9@123-reg.co.uk,Male
11,Skye,Kelcher,skelchera@kickstarter.com,Male
12,Garland,Robertot,grobertotb@51.la,Female
13,Bertrand,Valero,bvaleroc@freewebs.com,Male
14,Agnola,Haddleton,ahaddletond@taobao.com,Female
15,Shannon,O' Meara,somearae@sciencedaily.com,Male
16,Tyson,Clowser,tclowserf@livejournal.com,Male
17,Ranna,Gayden,rgaydeng@squidoo.com,Female
18,Burl,MacCartair,bmaccartairh@surveymonkey.com,Male
19,Stanleigh,Zywicki,szywickii@shutterfly.com,Male
20,Myrtice,Lawless,mlawlessj@hp.com,Genderqueer
21,Garfield,Ackred,gackredk@wikia.com,Male
22,Molli,Milan,mmilanl@geocities.jp,Female
23,Martina,Gudeman,mgudemanm@salon.com,Female
24,Yevette,Bunclark,ybunclarkn@illinois.edu,Non-binary
25,Seward,Rodolphe,srodolpheo@tuttocitta.it,Male
26,Thelma,Shippey,tshippeyp@bbb.org,Female
27,Johnathan,Kubczak,jkubczakq@purevolume.com,Male
28,Estevan,Hurdiss,ehurdissr@twitpic.com,Male
29,Robena,Elphey,relpheys@europa.eu,Female
30,Hansiain,Gamage,hgamaget@psu.edu,Male
31,Torre,Lening,tleningu@nba.com,Male
32,Lea,Mudle,lmudlev@bizjournals.com,Female
33,Domini,Hover,dhoverw@flavors.me,Female
34,Aurthur,Philcock,aphilcockx@purevolume.com,Male
35,Owen,Sheasby,osheasbyy@whitehouse.gov,Male
36,Rhea,Bedin,rbedinz@ftc.gov,Female
37,Rudy,Whitlow,rwhitlow10@bloomberg.com,Male
38,Mildred,Hirth,mhirth11@so-net.ne.jp,Female
39,Parnell,Deble,pdeble12@angelfire.com,Male
40,Cesaro,MacLaughlin,cmaclaughlin13@weibo.com,Genderfluid
41,Horacio,Heathfield,hheathfield14@bandcamp.com,Male
42,Betteann,Mountney,bmountney15@latimes.com,Female
43,Pieter,Delepine,pdelepine16@soundcloud.com,Male
44,Inge,Boden,iboden17@t-online.de,Female
45,Jamie,Heddan,jheddan18@ning.com,Female
46,Klara,Schustl,kschustl19@wired.com,Genderqueer
47,Ronald,Netherwood,rnetherwood1a@phoca.cz,Male
48,Meridel,Hartrick,mhartrick1b@marketwatch.com,Bigender
49,Milli,Mendel,mmendel1c@ebay.com,Female
50,Charil,Barette,cbarette1d@cnn.com,Female
51,Cornie,Terry,cterry1e@washington.edu,Male
52,Ber,Gelsthorpe,bgelsthorpe1f@illinois.edu,Male
53,Etan,Fruish,efruish1g@walmart.com,Male
54,Danie,Sellers,dsellers1h@adobe.com,Male
55,Cindie,Stoeckle,cstoeckle1i@list-manage.com,Female
56,Ruben,Alliban,ralliban1j@wufoo.com,Male
57,Clemmie,Oakeshott,coakeshott1k@house.gov,Male
58,Guido,Olyet,golyet1l@berkeley.edu,Male
59,Lora,Castelow,lcastelow1m@msu.edu,Female
60,Aggie,Malacrida,amalacrida1n@blog.com,Female
61,Marius,Thorndycraft,mthorndycraft1o@msn.com,Male
62,Grace,Seniour,gseniour1p@sina.com.cn,Male
63,Halli,Bilbrey,hbilbrey1q@youtu.be,Bigender
64,Grange,Calley,gcalley1r@alexa.com,Male
65,Franzen,Seymark,fseymark1s@loc.gov,Male
66,Brunhilde,Tofanini,btofanini1t@cnn.com,Female
67,Ford,Hurley,fhurley1u@parallels.com,Non-binary
68,Lonee,Basnall,lbasnall1v@blog.com,Genderqueer
69,Antonie,Menco,amenco1w@oracle.com,Female
70,Diane,Robken,drobken1x@geocities.com,Female
71,Belia,Burner,bburner1y@reverbnation.com,Female
72,Murial,Saw,msaw1z@sitemeter.com,Female
73,Rad,Woodcock,rwoodcock20@dyndns.org,Male
74,Terrie,Cockshott,tcockshott21@shinystat.com,Female
75,Thorsten,Trass,ttrass22@cbsnews.com,Male
76,Wheeler,O'Doireidh,wodoireidh23@wordpress.org,Non-binary
77,Mattheus,Cawsby,mcawsby24@skype.com,Male
78,Taber,Valler,tvaller25@independent.co.uk,Male
79,Neddie,Cline,ncline26@mit.edu,Male
80,Sally,Roux,sroux27@huffingtonpost.com,Genderfluid
81,Ginevra,Lunam,glunam28@nba.com,Genderqueer
82,Jilleen,Secombe,jsecombe29@networksolutions.com,Female
83,Rutledge,Spada,rspada2a@jugem.jp,Male
84,Doroteya,Vanacci,dvanacci2b@g.co,Female
85,Felisha,Sutherns,fsutherns2c@dedecms.com,Female
86,Bram,Oade,boade2d@google.ca,Male
87,Danit,Semiraz,dsemiraz2e@amazon.com,Female
88,Terrel,Winslet,twinslet2f@admin.ch,Male
89,Carmine,Barnsdall,cbarnsdall2g@delicious.com,Female
90,Andee,Rosettini,arosettini2h@theglobeandmail.com,Female
91,Mervin,Studdert,mstuddert2i@google.nl,Male
92,Josy,Wilcock,jwilcock2j@bigcartel.com,Female
93,Florinda,Doctor,fdoctor2k@arizona.edu,Female
94,Hildagarde,Sharratt,hsharratt2l@narod.ru,Female
95,Alicea,Portsmouth,aportsmouth2m@msn.com,Female
96,Ivette,Frankham,ifrankham2n@cargocollective.com,Female
97,Shanda,Dennistoun,sdennistoun2o@gmpg.org,Female
98,Renell,Eykel,reykel2p@usgs.gov,Bigender
99,Fedora,Lafflin,flafflin2q@psu.edu,Bigender
100,Jerrilyn,Fairlie,jfairlie2r@about.com,Female
101,Moina,Cervantes,mcervantes2s@blinklist.com,Female
102,Bearnard,Raggatt,braggatt2t@ucoz.com,Male
103,Chariot,Toke,ctoke2u@arstechnica.com,Male
104,Stacia,Lyford,slyford2v@fastcompany.com,Female
105,Robbin,Algie,ralgie2w@accuweather.com,Female
106,Shelia,Southey,ssouthey2x@thetimes.co.uk,Female
107,Ogden,Petkov,opetkov2y@sbwire.com,Male
108,Isabelita,Renouf,irenouf2z@histats.com,Female
109,Leroi,MacConnechie,lmacconnechie30@elpais.com,Male
110,Phoebe,Prater,pprater31@google.cn,Female
111,Ichabod,McGinly,imcginly32@parallels.com,Male
112,Carissa,Whitecross,cwhitecross33@army.mil,Female
113,Dotty,Dundridge,ddundridge34@goo.gl,Female
114,Cory,Garnall,cgarnall35@illinois.edu,Male
115,Lucilia,Figiovanni,lfigiovanni36@netscape.com,Female
116,Royall,Powney,rpowney37@army.mil,Male
117,Agnese,Freyne,afreyne38@w3.org,Female
118,Barnaby,Wragge,bwragge39@state.gov,Non-binary
119,Ban,Stanley,bstanley3a@latimes.com,Male
120,Noby,Leaning,nleaning3b@jalbum.net,Male
121,Mehetabel,Redmond,mredmond3c@europa.eu,Non-binary
122,Mateo,Semrad,msemrad3d@wikispaces.com,Male
123,Towney,Dowrey,tdowrey3e@usgs.gov,Male
124,Henryetta,Sharman,hsharman3f@dyndns.org,Female
125,Val,Poulson,vpoulson3g@github.com,Male
126,Lelah,McDowall,lmcdowall3h@mashable.com,Female
127,Muffin,Caudray,mcaudray3i@apache.org,Male
128,Mikaela,Artrick,martrick3j@4shared.com,Female
129,Polly,McLellan,pmclellan3k@shareasale.com,Female
130,Babita,Haresign,bharesign3l@omniture.com,Female
131,Cammi,Favela,cfavela3m@ucoz.com,Female
132,Burk,Poznan,bpoznan3n@typepad.com,Male
133,Robena,Hambers,rhambers3o@samsung.com,Female
134,Coralyn,Kulvear,ckulvear3p@ucsd.edu,Female
135,Arley,Tite,atite3q@gov.uk,Male
136,Jason,Treble,jtreble3r@wufoo.com,Male
137,Astra,Kempton,akempton3s@51.la,Female
138,Quinlan,Featherby,qfeatherby3t@geocities.jp,Male
139,Bronnie,Caveney,bcaveney3u@whitehouse.gov,Male
140,Kessia,Follows,kfollows3v@google.de,Female
141,Vasili,Radmer,vradmer3w@cbslocal.com,Male
142,Kip,Phinnis,kphinnis3x@blogs.com,Male
143,Andra,Turney,aturney3y@wix.com,Female
144,Foss,McIlvenny,fmcilvenny3z@clickbank.net,Genderqueer
145,Tami,Domleo,tdomleo40@cbsnews.com,Female
146,Dianna,Sellor,dsellor41@list-manage.com,Female
147,Tori,Stavers,tstavers42@salon.com,Female
148,Christyna,Rule,crule43@lycos.com,Female
149,Jorry,Jonuzi,jjonuzi44@mail.ru,Female
150,Christalle,Ible,cible45@fda.gov,Female
151,Lauren,Strewthers,lstrewthers46@hp.com,Agender
152,Giovanna,Benkin,gbenkin47@nhs.uk,Female
153,Rayner,Jeacock,rjeacock48@issuu.com,Male
154,Giselbert,Mancktelow,gmancktelow49@illinois.edu,Male
155,Basia,Maryet,bmaryet4a@woothemes.com,Female
156,Angela,Gerholz,agerholz4b@army.mil,Female
157,Ali,Brunsden,abrunsden4c@trellian.com,Male
158,Tilly,Daniely,tdaniely4d@hc360.com,Female
159,Orlando,Whyard,owhyard4e@gravatar.com,Male
160,Matt,Dawnay,mdawnay4f@tripadvisor.com,Male
161,Rod,Halewood,rhalewood4g@amazon.de,Male
162,Rosamond,Cordoba,rcordoba4h@patch.com,Female
163,Reyna,Regis,rregis4i@utexas.edu,Female
164,Vannie,Pabst,vpabst4j@etsy.com,Female
165,Florida,Marston,fmarston4k@desdev.cn,Female
166,Mallory,Jahnel,mjahnel4l@pinterest.com,Male
167,Kassie,Laboune,klaboune4m@youku.com,Female
168,Garth,Guthrum,gguthrum4n@amazon.co.jp,Male
169,Aubrie,Corse,acorse4o@wikispaces.com,Female
170,Nanni,Curling,ncurling4p@booking.com,Female
171,Bear,Barnwall,bbarnwall4q@spiegel.de,Male
172,Hussein,Shinefield,hshinefield4r@live.com,Male
173,Erinn,Dumbell,edumbell4s@paypal.com,Female
174,Earvin,Etherington,eetherington4t@who.int,Male
175,Benedicta,Yeandel,byeandel4u@addtoany.com,Female
176,Golda,Soane,gsoane4v@ftc.gov,Female
177,Irvine,Charman,icharman4w@mapquest.com,Male
178,Bret,Lorincz,blorincz4x@google.co.jp,Male
179,Frazer,Kings,fkings4y@google.de,Male
180,Xever,Impy,ximpy4z@utexas.edu,Agender
181,Ayn,Inglese,ainglese50@stanford.edu,Female
182,Anatol,Eckels,aeckels51@dagondesign.com,Male
183,Marcos,Malpas,mmalpas52@nasa.gov,Male
184,Ingamar,Olivey,iolivey53@feedburner.com,Male
185,Zorina,Maffezzoli,zmaffezzoli54@paginegialle.it,Female
186,Renaldo,Allbones,rallbones55@ihg.com,Male
187,Rudie,McClintock,rmcclintock56@cbc.ca,Genderqueer
188,Leontyne,Sainsberry,lsainsberry57@ft.com,Female
189,Elnar,Meijer,emeijer58@google.com.hk,Polygender
190,Juan,Steffan,jsteffan59@ow.ly,Male
191,Gerry,Keggins,gkeggins5a@barnesandnoble.com,Male
192,Juline,Tidder,jtidder5b@usatoday.com,Female
193,Clerc,Croll,ccroll5c@macromedia.com,Male
194,Jennica,Lebang,jlebang5d@barnesandnoble.com,Female
195,Itch,Heeran,iheeran5e@pbs.org,Male
196,Bertie,Spinage,bspinage5f@photobucket.com,Male
197,Elane,Spadeck,espadeck5g@ihg.com,Female
198,Yul,Swanston,yswanston5h@globo.com,Male
199,Hervey,Hopewell,hhopewell5i@msu.edu,Male
200,Gates,Narup,gnarup5j@shareasale.com,Female
201,Sauncho,Gresswell,sgresswell5k@hostgator.com,Male
202,Ree,Allatt,rallatt5l@economist.com,Polygender
203,Dani,Lyfield,dlyfield5m@gmpg.org,Non-binary
204,Audie,De Marchi,ademarchi5n@goo.gl,Female
205,Horton,O'Shee,hoshee5o@about.com,Male
206,Talya,Willmot,twillmot5p@pinterest.com,Female
207,Anthony,Suffield,asuffield5q@europa.eu,Male
208,Sanders,McMorran,smcmorran5r@elpais.com,Male
209,Jo ann,Currie,jcurrie5s@naver.com,Female
210,Hashim,Rainy,hrainy5t@taobao.com,Male
211,Danna,Ronchi,dronchi5u@shop-pro.jp,Female
212,Chrissie,Filpo,cfilpo5v@nifty.com,Genderqueer
213,Darya,Wilsee,dwilsee5w@nsw.gov.au,Bigender
214,Giffard,Blannin,gblannin5x@edublogs.org,Male
215,Verla,Roswarne,vroswarne5y@oakley.com,Female
216,Magda,Feary,mfeary5z@tripadvisor.com,Female
217,Hadrian,Charte,hcharte60@umn.edu,Male
218,Flem,Eilles,feilles61@europa.eu,Male
219,Jorie,Cunrado,jcunrado62@yandex.ru,Female
220,Mathian,Richmont,mrichmont63@phpbb.com,Male
221,Devonna,Fulle,dfulle64@youtube.com,Female
222,Fifi,McGaughey,fmcgaughey65@merriam-webster.com,Female
223,Davidde,Jedrachowicz,djedrachowicz66@de.vu,Male
224,Egon,Parriss,eparriss67@uol.com.br,Male
225,Fayre,Compston,fcompston68@nps.gov,Female
226,Peder,Helsdon,phelsdon69@artisteer.com,Male
227,Quinta,Capel,qcapel6a@gov.uk,Female
228,Timofei,Fader,tfader6b@booking.com,Male
229,Camellia,Schruyer,cschruyer6c@mozilla.org,Female
230,Elsworth,Carn,ecarn6d@hubpages.com,Male
231,Greer,Glasman,gglasman6e@51.la,Female
232,Dennet,Belasco,dbelasco6f@telegraph.co.uk,Male
233,Franky,Hyams,fhyams6g@imgur.com,Female
234,Irvin,Duffett,iduffett6h@51.la,Genderqueer
235,Lisle,Raff,lraff6i@hatena.ne.jp,Male
236,Celina,Pugh,cpugh6j@friendfeed.com,Female
237,Trudi,Batey,tbatey6k@yahoo.co.jp,Female
238,Tessi,Agott,tagott6l@netlog.com,Female
239,Ahmad,Hakey,ahakey6m@ed.gov,Male
240,Felecia,Folley,ffolley6n@springer.com,Female
241,Hesther,Carl,hcarl6o@phpbb.com,Female
242,Addie,Worthington,aworthington6p@npr.org,Genderfluid
243,Forrester,Stancliffe,fstancliffe6q@soundcloud.com,Male
244,Ode,Pales,opales6r@epa.gov,Male
245,Wallas,Gladwin,wgladwin6s@amazon.com,Male
246,Dominik,Obispo,dobispo6t@jugem.jp,Male
247,Abbye,Scurrer,ascurrer6u@bloomberg.com,Female
248,Gareth,Banker,gbanker6v@angelfire.com,Male
249,Powell,Worms,pworms6w@parallels.com,Male
250,Renado,Francello,rfrancello6x@vistaprint.com,Male
251,Melisse,Peare,mpeare6y@forbes.com,Female
252,Raymond,Pitrasso,rpitrasso6z@i2i.jp,Male
253,Dita,Edmott,dedmott70@bluehost.com,Female
254,Bernhard,Benbow,bbenbow71@blog.com,Male
255,Porty,Fransinelli,pfransinelli72@php.net,Male
256,Boot,Carmichael,bcarmichael73@alexa.com,Male
257,Ari,Storror,astorror74@google.co.uk,Male
258,Hastie,Luckett,hluckett75@ebay.co.uk,Male
259,Egan,Leveret,eleveret76@jalbum.net,Male
260,Cassondra,Riddeough,criddeough77@dropbox.com,Female
261,Brigit,Macias,bmacias78@springer.com,Female
262,Abbi,Pressdee,apressdee79@skype.com,Female
263,Lynne,Larvent,llarvent7a@google.com,Female
264,Gerry,Ors,gors7b@so-net.ne.jp,Female
265,Penelope,McElwee,pmcelwee7c@squarespace.com,Female
266,Riki,Frazer,rfrazer7d@ted.com,Female
267,Raoul,Worsfield,rworsfield7e@hibu.com,Male
268,Nefen,Scammonden,nscammonden7f@sourceforge.net,Male
269,Andrew,Oatley,aoatley7g@ifeng.com,Male
270,Marie-ann,Sale,msale7h@soup.io,Genderqueer
271,Talyah,Zanetto,tzanetto7i@scientificamerican.com,Female
272,Winnifred,Filov,wfilov7j@hhs.gov,Female
273,Delmor,Harvatt,dharvatt7k@noaa.gov,Male
274,Esme,De Moreno,edemoreno7l@fotki.com,Male
275,Madelena,Sorrill,msorrill7m@paypal.com,Female
276,Retha,Acklands,racklands7n@webeden.co.uk,Female
277,Barbie,Upsale,bupsale7o@independent.co.uk,Female
278,Gertruda,Bangs,gbangs7p@chicagotribune.com,Female
279,Ogdon,Hanby,ohanby7q@dell.com,Male
280,Blane,Frackiewicz,bfrackiewicz7r@jalbum.net,Male
281,Claudine,McRamsey,cmcramsey7s@hp.com,Female
282,Kathi,Tommaseo,ktommaseo7t@example.com,Female
283,Coretta,Hadgraft,chadgraft7u@qq.com,Female
284,Zane,Littlechild,zlittlechild7v@house.gov,Male
285,Adiana,Olivetti,aolivetti7w@google.co.jp,Female
286,Robbyn,Bagley,rbagley7x@japanpost.jp,Female
287,Ezmeralda,Snewin,esnewin7y@hhs.gov,Female
288,Laureen,Inglesent,linglesent7z@nature.com,Female
289,Anderson,Giorgioni,agiorgioni80@tripadvisor.com,Male
290,Charmine,Toyne,ctoyne81@booking.com,Genderqueer
291,Annnora,Gurnett,agurnett82@biglobe.ne.jp,Female
292,Brook,Snewin,bsnewin83@soundcloud.com,Male
293,Steve,Belliveau,sbelliveau84@bloomberg.com,Male
294,Marie-jeanne,Carl,mcarl85@ycombinator.com,Female
295,Kelsi,Parslow,kparslow86@t.co,Female
296,Templeton,Brumham,tbrumham87@squidoo.com,Male
297,Bank,Tewnion,btewnion88@a8.net,Male
298,Marti,Sciacovelli,msciacovelli89@jigsy.com,Female
299,Konrad,Siggery,ksiggery8a@angelfire.com,Male
300,Rheta,Romanelli,rromanelli8b@creativecommons.org,Female
301,Arie,Mokes,amokes8c@webnode.com,Male
302,Ichabod,Anselmi,ianselmi8d@i2i.jp,Agender
303,Loise,Nockles,lnockles8e@uol.com.br,Female
304,Justus,Cressey,jcressey8f@symantec.com,Male
305,Karlens,Woodings,kwoodings8g@yahoo.com,Male
306,Cissy,Hartness,chartness8h@deviantart.com,Female
307,Berkeley,Hindge,bhindge8i@behance.net,Male
308,Nehemiah,Finnick,nfinnick8j@spiegel.de,Non-binary
309,Donica,McCool,dmccool8k@aboutads.info,Female
310,Lefty,Littledyke,llittledyke8l@smugmug.com,Male
311,Melissa,Downey,mdowney8m@devhub.com,Female
312,Raeann,Lockless,rlockless8n@last.fm,Female
313,Bron,Goane,bgoane8o@fema.gov,Male
314,Sharity,Cronin,scronin8p@pinterest.com,Genderqueer
315,Ines,Gristhwaite,igristhwaite8q@unc.edu,Female
316,Izaak,Scandroot,iscandroot8r@army.mil,Male
317,Allegra,Wheatcroft,awheatcroft8s@epa.gov,Female
318,Tanhya,Featherstone,tfeatherstone8t@google.com.au,Non-binary
319,Muriel,Duligall,mduligall8u@wikispaces.com,Female
320,Hansiain,Pittaway,hpittaway8v@bigcartel.com,Male
321,Lenora,Wilkisson,lwilkisson8w@php.net,Female
322,Vanna,Scanderet,vscanderet8x@google.it,Female
323,Jourdain,Cramphorn,jcramphorn8y@yale.edu,Male
324,Bren,Pimlott,bpimlott8z@51.la,Male
325,Petronia,Bridywater,pbridywater90@facebook.com,Female
326,Nalani,Baus,nbaus91@ezinearticles.com,Female
327,Radcliffe,Gallone,rgallone92@yandex.ru,Male
328,Bronson,Millthorpe,bmillthorpe93@umich.edu,Male
329,Mechelle,Matsell,mmatsell94@pcworld.com,Female
330,Lark,Cradoc,lcradoc95@hibu.com,Female
331,Madelina,Mingame,mmingame96@sciencedaily.com,Female
332,Caldwell,Rodger,crodger97@smh.com.au,Male
333,Wilone,Gradly,wgradly98@ucoz.com,Female
334,Carlo,Vink,cvink99@imdb.com,Bigender
335,Hilliary,Symes,hsymes9a@ameblo.jp,Female
336,Tim,Hatliffe,thatliffe9b@usgs.gov,Female
337,Lenette,Scritch,lscritch9c@wordpress.com,Female
338,Cristie,Damsell,cdamsell9d@live.com,Female
339,Shayna,Monteith,smonteith9e@webmd.com,Female
340,Malvin,Hards,mhards9f@omniture.com,Polygender
341,Mady,Gay,mgay9g@upenn.edu,Female
342,Coral,McBrearty,cmcbrearty9h@sourceforge.net,Female
343,Robyn,Holywell,rholywell9i@tuttocitta.it,Female
344,Edvard,Doxey,edoxey9j@ovh.net,Male
345,Terrijo,Hampe,thampe9k@slideshare.net,Female
346,Eilis,MacGow,emacgow9l@ucla.edu,Female
347,Ladonna,Krimmer,lkrimmer9m@studiopress.com,Female
348,Adham,Sherbourne,asherbourne9n@alexa.com,Male
349,Finlay,Bothram,fbothram9o@yandex.ru,Male
350,Alisander,McGuffog,amcguffog9p@altervista.org,Male
351,Royal,Sedgeman,rsedgeman9q@unc.edu,Male
352,Linzy,Fancett,lfancett9r@last.fm,Female
353,Lorens,Chieco,lchieco9s@amazon.com,Male
354,Nedda,Vedekhin,nvedekhin9t@tuttocitta.it,Female
355,Renata,Beeble,rbeeble9u@vimeo.com,Female
356,Pooh,Chanson,pchanson9v@mozilla.org,Female
357,Flem,Feather,ffeather9w@cpanel.net,Male
358,Ruttger,Plaxton,rplaxton9x@yahoo.co.jp,Male
359,Fletcher,Grewcock,fgrewcock9y@un.org,Male
360,Kim,Frossell,kfrossell9z@merriam-webster.com,Female
361,Pedro,Garton,pgartona0@zdnet.com,Male
362,Raoul,Gally,rgallya1@google.co.uk,Male
363,Nata,Lesser,nlessera2@barnesandnoble.com,Female
364,Arturo,Crambie,acrambiea3@fastcompany.com,Male
365,Carroll,Havock,chavocka4@cam.ac.uk,Female
366,Heddie,Pemberton,hpembertona5@google.fr,Female
367,Germaine,Boyd,gboyda6@theatlantic.com,Female
368,Fan,Izhakov,fizhakova7@gizmodo.com,Female
369,Irwin,Welds,iweldsa8@prweb.com,Male
370,Hakim,Ventam,hventama9@csmonitor.com,Male
371,Murielle,Goymer,mgoymeraa@amazon.com,Female
372,Tabb,Paver,tpaverab@nytimes.com,Male
373,Keene,Chinge de Hals,kchingedehalsac@g.co,Male
374,Gonzalo,Rustedge,grustedgead@tmall.com,Male
375,Maggy,Kinforth,mkinforthae@goo.ne.jp,Female
376,Gill,Wallworth,gwallworthaf@wikispaces.com,Female
377,Lazaro,Bethell,lbethellag@chicagotribune.com,Male
378,Christyna,Fonzone,cfonzoneah@sourceforge.net,Female
379,Adrienne,Grunbaum,agrunbaumai@alexa.com,Female
380,Jeddy,Beetlestone,jbeetlestoneaj@cbc.ca,Male
381,Lois,Millington,lmillingtonak@icq.com,Female
382,Constantine,Pawden,cpawdenal@shinystat.com,Male
383,Florie,Usborn,fusbornam@4shared.com,Female
384,Ealasaid,Calcut,ecalcutan@meetup.com,Female
385,Hurleigh,O' Donohoe,hodonohoeao@amazon.de,Polygender
386,Nertie,Richold,nricholdap@wordpress.com,Female
387,Richmound,Castro,rcastroaq@about.me,Male
388,Erhart,Spadollini,espadolliniar@mediafire.com,Non-binary
389,Derk,Sitwell,dsitwellas@youtube.com,Male
390,Emmy,Jarrel,ejarrelat@uiuc.edu,Female
391,Andros,Paddell,apaddellau@github.io,Male
392,Matthaeus,Sawkins,msawkinsav@sourceforge.net,Male
393,Amye,Honniebal,ahonniebalaw@drupal.org,Female
394,Regan,Stammers,rstammersax@spotify.com,Male
395,Kip,Beedell,kbeedellay@reddit.com,Male
396,Sauncho,Tommeo,stommeoaz@tumblr.com,Male
397,Darius,Emor,demorb0@slashdot.org,Male
398,Gustie,Bentinck,gbentinckb1@seattletimes.com,Female
399,Rosco,Hurley,rhurleyb2@prlog.org,Male
400,Marleah,Toynbee,mtoynbeeb3@amazon.co.uk,Female
401,Norry,Youd,nyoudb4@google.com,Male
402,Milty,Dumbar,mdumbarb5@spotify.com,Male
403,Page,Mynott,pmynottb6@google.de,Female
404,Claribel,Adlem,cadlemb7@jimdo.com,Female
405,Gilberto,Vasiljevic,gvasiljevicb8@bbc.co.uk,Male
406,Lucia,Yoskowitz,lyoskowitzb9@weather.com,Female
407,Estel,Kobierra,ekobierraba@4shared.com,Agender
408,Roddy,Fenney,rfenneybb@irs.gov,Male
409,Kara-lynn,Inchcomb,kinchcombbc@odnoklassniki.ru,Female
410,Peria,Tayler,ptaylerbd@yahoo.com,Female
411,Ollie,Morigan,omoriganbe@reddit.com,Male
412,Tiff,Beenham,tbeenhambf@omniture.com,Female
413,Duff,Donavan,ddonavanbg@jiathis.com,Male
414,Winston,Killock,wkillockbh@cnn.com,Male
415,Atalanta,McAughtrie,amcaughtriebi@devhub.com,Female
416,Wileen,Duncanson,wduncansonbj@addthis.com,Female
417,Ania,Sergeaunt,asergeauntbk@behance.net,Female
418,Margarita,Eades,meadesbl@howstuffworks.com,Female
419,Krystal,Coultish,kcoultishbm@hhs.gov,Female
420,Esdras,Deeney,edeeneybn@tmall.com,Male
421,Geralda,Spawton,gspawtonbo@gnu.org,Female
422,Hermia,Pratchett,hpratchettbp@blogspot.com,Female
423,Jacquenette,Arnowitz,jarnowitzbq@marketwatch.com,Female
424,Aluin,Pilmoor,apilmoorbr@noaa.gov,Male
425,Derril,Rowthorne,drowthornebs@qq.com,Male
426,Chrisy,Le Houx,clehouxbt@soundcloud.com,Male
427,Jorgan,Chasemoore,jchasemoorebu@lycos.com,Male
428,Alfie,Khomishin,akhomishinbv@mysql.com,Male
429,Bertina,De Castri,bdecastribw@zdnet.com,Female
430,Juan,Treadgear,jtreadgearbx@mysql.com,Male
431,Giovanni,Budge,gbudgeby@theguardian.com,Male
432,Katheryn,Laing,klaingbz@google.de,Female
433,Joey,Dillaway,jdillawayc0@xrea.com,Male
434,Drusie,Bucktharp,dbucktharpc1@patch.com,Female
435,Maximilien,Doughty,mdoughtyc2@sogou.com,Male
436,Martin,Guillou,mguillouc3@ed.gov,Male
437,Sheelah,Greeves,sgreevesc4@ebay.co.uk,Female
438,Yolanda,Bangle,ybanglec5@nih.gov,Female
439,Mariska,Maharey,mmahareyc6@google.it,Female
440,Marcelle,Ollivierre,mollivierrec7@prnewswire.com,Female
441,Martainn,Gooderham,mgooderhamc8@yelp.com,Male
442,Melinda,Abrahamoff,mabrahamoffc9@patch.com,Female
443,Myrta,Varlow,mvarlowca@deviantart.com,Genderfluid
444,Mayer,Crose,mcrosecb@github.com,Male
445,Jody,Cowe,jcowecc@360.cn,Female
446,Arney,Legan,alegancd@fotki.com,Male
447,Harri,Edards,hedardsce@ycombinator.com,Female
448,Galen,Dunbavin,gdunbavincf@zimbio.com,Male
449,Fernando,Dorbin,fdorbincg@tinypic.com,Genderfluid
450,Hedvige,Demchen,hdemchench@dot.gov,Female
451,Fifine,Gherardesci,fgherardescici@sina.com.cn,Female
452,Clementine,Kincade,ckincadecj@rakuten.co.jp,Polygender
453,Hurleigh,Crawcour,hcrawcourck@fda.gov,Male
454,Fabien,Lodwick,flodwickcl@booking.com,Male
455,Teodora,Varnam,tvarnamcm@abc.net.au,Female
456,Guido,Stollenhof,gstollenhofcn@addthis.com,Male
457,Duke,Walewicz,dwalewiczco@utexas.edu,Genderqueer
458,Bradford,Jonk,bjonkcp@yelp.com,Male
459,Vergil,Caghy,vcaghycq@yandex.ru,Male
460,Mic,Leaton,mleatoncr@oaic.gov.au,Male
461,Pasquale,Owttrim,powttrimcs@scientificamerican.com,Male
462,Pepi,Fice,pficect@elpais.com,Female
463,Whitman,Staines,wstainescu@cbsnews.com,Male
464,Alanah,Neilands,aneilandscv@ucla.edu,Female
465,Giana,Cretney,gcretneycw@nature.com,Genderqueer
466,Zorah,Woodus,zwooduscx@sakura.ne.jp,Female
467,Salome,Brelsford,sbrelsfordcy@answers.com,Female
468,Neel,Duthie,nduthiecz@un.org,Polygender
469,Orran,Pedlar,opedlard0@hhs.gov,Male
470,Kingston,McCallam,kmccallamd1@usnews.com,Male
471,Monica,Membry,mmembryd2@soundcloud.com,Female
472,Cristin,Arthur,carthurd3@bizjournals.com,Genderqueer
473,Jerrine,Ingray,jingrayd4@t.co,Non-binary
474,Darren,Chastagnier,dchastagnierd5@shareasale.com,Male
475,Oneida,Haskett,ohaskettd6@ifeng.com,Female
476,Marlo,Frane,mfraned7@mac.com,Female
477,Mort,Wing,mwingd8@admin.ch,Male
478,Gallagher,Couch,gcouchd9@hp.com,Male
479,Joseito,Trigg,jtriggda@soundcloud.com,Male
480,Hasheem,Leythley,hleythleydb@shop-pro.jp,Male
481,Sheffy,Hartop,shartopdc@aol.com,Male
482,Vally,Orrell,vorrelldd@flickr.com,Female
483,Banky,Swin,bswinde@sphinn.com,Male
484,Lewes,Cockayme,lcockaymedf@wikimedia.org,Male
485,Brannon,Sagerson,bsagersondg@g.co,Male
486,Wendell,Burcombe,wburcombedh@bing.com,Male
487,Raddie,Crown,rcrowndi@thetimes.co.uk,Male
488,Maia,Stronach,mstronachdj@amazon.de,Female
489,Rianon,Mapples,rmapplesdk@1und1.de,Female
490,Rancell,Braznell,rbraznelldl@360.cn,Male
491,Celestyn,Double,cdoubledm@flickr.com,Female
492,Wynne,Capelle,wcapelledn@mediafire.com,Genderfluid
493,Ignaz,Buzine,ibuzinedo@wikimedia.org,Male
494,Mollie,Crickmer,mcrickmerdp@google.ca,Female
495,Paola,Bulward,pbulwarddq@spiegel.de,Female
496,Adel,Klimochkin,aklimochkindr@state.gov,Female
497,Kippy,Beswetherick,kbeswetherickds@reverbnation.com,Male
498,Andi,Reville,arevilledt@ted.com,Female
499,Cherry,Hussell,chusselldu@spiegel.de,Female
500,Tito,Smuth,tsmuthdv@ow.ly,Male
501,Brnaby,Carah,bcarahdw@dot.gov,Male
502,Yoshi,Appleby,yapplebydx@wordpress.com,Female
503,Nertie,Cicconetti,ncicconettidy@blogger.com,Female
504,Marabel,Fawlo,mfawlodz@mail.ru,Female
505,Peyter,Duffield,pduffielde0@ycombinator.com,Male
506,Christabel,Blinerman,cblinermane1@virginia.edu,Female
507,Nahum,Gillings,ngillingse2@a8.net,Male
508,Gwynne,Philipsen,gphilipsene3@trellian.com,Female
509,Ada,Knowller,aknowllere4@slideshare.net,Female
510,Boone,Lambarth,blambarthe5@sciencedirect.com,Polygender
511,Giusto,Mollison,gmollisone6@state.tx.us,Agender
512,Morgan,Feasley,mfeasleye7@unesco.org,Male
513,Taylor,Kliner,tklinere8@weather.com,Male
514,Meg,Kilbey,mkilbeye9@canalblog.com,Female
515,Birch,Giacomello,bgiacomelloea@storify.com,Male
516,Abramo,McMurraya,amcmurrayaeb@salon.com,Male
517,Thatch,Rowson,trowsonec@gravatar.com,Male
518,Velvet,Connell,vconnelled@google.com.au,Female
519,Roxane,Tammadge,rtammadgeee@hexun.com,Non-binary
520,Balduin,Sabie,bsabieef@webmd.com,Male
521,Nikolaus,Dotson,ndotsoneg@smugmug.com,Male
522,Audrie,Vearncomb,avearncombeh@parallels.com,Female
523,Carissa,Cossentine,ccossentineei@cnn.com,Female
524,Nannette,Lucia,nluciaej@list-manage.com,Female
525,Sharia,Franke,sfrankeek@opensource.org,Female
526,Camille,Semeniuk,csemeniukel@eepurl.com,Female
527,Ulrick,Fewlass,ufewlassem@so-net.ne.jp,Male
528,Jeanne,Crosfeld,jcrosfelden@shutterfly.com,Female
529,Fawn,Brodhead,fbrodheadeo@businessweek.com,Genderqueer
530,Winna,Gottelier,wgottelierep@toplist.cz,Female
531,Ardys,Baldack,abaldackeq@cnbc.com,Genderqueer
532,Brendin,Vigrass,bvigrasser@redcross.org,Male
533,Dom,Nehlsen,dnehlsenes@godaddy.com,Male
534,Auroora,Merrilees,amerrileeset@squidoo.com,Female
535,Dell,Sloy,dsloyeu@multiply.com,Female
536,Bethanne,Maseyk,bmaseykev@bizjournals.com,Female
537,Melodee,Westcot,mwestcotew@unesco.org,Female
538,Cherri,Allom,callomex@webnode.com,Female
539,Oberon,Sawers,osawersey@wordpress.com,Male
540,Dannye,Viggers,dviggersez@princeton.edu,Female
541,Ericka,Winridge,ewinridgef0@i2i.jp,Female
542,Kirbie,Gianneschi,kgianneschif1@cocolog-nifty.com,Female
543,Fairfax,Blackburn,fblackburnf2@dailymail.co.uk,Male
544,Almira,Barnard,abarnardf3@weather.com,Polygender
545,Joeann,Whitelaw,jwhitelawf4@spiegel.de,Female
546,Marthena,Cahill,mcahillf5@mac.com,Female
547,Lucila,Biaggiotti,lbiaggiottif6@4shared.com,Female
548,Neely,Carloni,ncarlonif7@accuweather.com,Female
549,Freedman,Minget,fmingetf8@topsy.com,Male
550,Earl,Lockery,elockeryf9@narod.ru,Male
551,Aurore,Byart,abyartfa@mapy.cz,Female
552,Alica,Potteridge,apotteridgefb@dot.gov,Female
553,Ellen,Woodruffe,ewoodruffefc@a8.net,Female
554,Marve,Huggon,mhuggonfd@woothemes.com,Male
555,Jedidiah,Chilvers,jchilversfe@walmart.com,Male
556,Patric,Callister,pcallisterff@earthlink.net,Male
557,Renard,Fibbings,rfibbingsfg@shinystat.com,Male
558,Onida,Heino,oheinofh@columbia.edu,Female
559,Nicola,Feasley,nfeasleyfi@meetup.com,Male
560,Ester,Klaiser,eklaiserfj@xinhuanet.com,Polygender
561,Carine,Chanson,cchansonfk@whitehouse.gov,Female
562,Ynes,Waugh,ywaughfl@guardian.co.uk,Female
563,Vinnie,Jaye,vjayefm@liveinternet.ru,Genderfluid
564,Elaine,Nicol,enicolfn@huffingtonpost.com,Female
565,Zared,Colum,zcolumfo@edublogs.org,Male
566,Jane,Bryers,jbryersfp@army.mil,Female
567,Hershel,Hemms,hhemmsfq@joomla.org,Male
568,Tammie,Burgan,tburganfr@typepad.com,Male
569,Sully,Teasdale-Markie,steasdalemarkiefs@amazon.com,Genderqueer
570,Norton,Flanders,nflandersft@dmoz.org,Non-binary
571,Tomas,Rumin,truminfu@statcounter.com,Male
572,Gelya,Riden,gridenfv@fotki.com,Female
573,Tammie,Janowski,tjanowskifw@netvibes.com,Female
574,Eadith,Gibke,egibkefx@phoca.cz,Female
575,Clea,Arnowitz,carnowitzfy@ovh.net,Female
576,Jessamyn,Anand,janandfz@ifeng.com,Female
577,Paige,Sains,psainsg0@exblog.jp,Male
578,Jean,Landrean,jlandreang1@nyu.edu,Female
579,Haley,Harrington,hharringtong2@unesco.org,Polygender
580,Fayth,Salerno,fsalernog3@barnesandnoble.com,Female
581,Aldrich,Beagen,abeageng4@cmu.edu,Male
582,Giacopo,Grutchfield,ggrutchfieldg5@weibo.com,Male
583,Rosabelle,Newband,rnewbandg6@weibo.com,Female
584,Sherwynd,Rheubottom,srheubottomg7@europa.eu,Male
585,Terra,Malyan,tmalyang8@live.com,Female
586,Jeannette,Altimas,jaltimasg9@wunderground.com,Female
587,Nady,Beadle,nbeadlega@adobe.com,Female
588,Sasha,Bassindale,sbassindalegb@wordpress.org,Male
589,Orelee,Sandcraft,osandcraftgc@arizona.edu,Female
590,Artur,Jayume,ajayumegd@nbcnews.com,Male
591,Niven,Charley,ncharleyge@usa.gov,Male
592,Fleur,Cuddon,fcuddongf@goodreads.com,Female
593,Cleo,Videler,cvidelergg@last.fm,Female
594,Silas,Babb,sbabbgh@nhs.uk,Male
595,Ashlie,Kelner,akelnergi@ft.com,Female
596,Miof mela,Raphael,mraphaelgj@msu.edu,Female
597,Anallise,Gillatt,agillattgk@independent.co.uk,Female
598,Quintin,Dykas,qdykasgl@psu.edu,Male
599,Jermaine,Enochsson,jenochssongm@biglobe.ne.jp,Female
600,Charin,Primmer,cprimmergn@vkontakte.ru,Female
601,Kaleb,Brotherwood,kbrotherwoodgo@amazon.co.jp,Male
602,Bertina,Basili,bbasiligp@e-recht24.de,Female
603,Natale,Liccardo,nliccardogq@google.com,Male
604,Celestyna,Egdal,cegdalgr@nytimes.com,Female
605,Charlie,Standidge,cstandidgegs@studiopress.com,Male
606,Nerti,Saltsberger,nsaltsbergergt@soundcloud.com,Female
607,Kaye,Sjostrom,ksjostromgu@who.int,Female
608,Cob,Brady,cbradygv@redcross.org,Male
609,Maible,Campagne,mcampagnegw@abc.net.au,Female
610,Gae,Tole,gtolegx@dyndns.org,Female
611,Ophelia,Davage,odavagegy@newyorker.com,Female
612,Arne,Ciotto,aciottogz@sina.com.cn,Genderqueer
613,Virgil,Ehrat,vehrath0@illinois.edu,Male
614,Jemie,Dibben,jdibbenh1@tmall.com,Genderfluid
615,Dexter,Fogden,dfogdenh2@gravatar.com,Male
616,Johannes,Saxelby,jsaxelbyh3@wired.com,Male
617,Bevvy,Laytham,blaythamh4@netlog.com,Female
618,Marjorie,Leaming,mleamingh5@hp.com,Female
619,Jim,Richen,jrichenh6@people.com.cn,Male
620,Em,Le Gall,elegallh7@163.com,Male
621,Jory,Joret,jjoreth8@gmpg.org,Male
622,Deerdre,Treweela,dtreweelah9@webeden.co.uk,Female
623,Ellyn,Binnell,ebinnellha@umn.edu,Genderfluid
624,Orlan,Collison,ocollisonhb@tiny.cc,Male
625,Margery,Skipton,mskiptonhc@nyu.edu,Female
626,Marget,Matiewe,mmatiewehd@linkedin.com,Female
627,Niles,Surman-Wells,nsurmanwellshe@gmpg.org,Male
628,Roberto,Hartnup,rhartnuphf@yahoo.co.jp,Male
629,Syd,Wykey,swykeyhg@google.ca,Male
630,Timothee,Mcsarry,tmcsarryhh@arizona.edu,Male
631,Lorette,Wharmby,lwharmbyhi@ftc.gov,Female
632,Adey,Pendock,apendockhj@flickr.com,Female
633,Peggie,Seide,pseidehk@seesaa.net,Genderfluid
634,Charley,Ballston,cballstonhl@statcounter.com,Male
635,Regan,Olive,rolivehm@cargocollective.com,Female
636,Rani,Studd,rstuddhn@tinyurl.com,Female
637,Barby,Qualtrough,bqualtroughho@indiegogo.com,Female
638,Madge,Matovic,mmatovichp@vistaprint.com,Female
639,Ivor,Lisciandri,ilisciandrihq@nih.gov,Male
640,Ardis,Yushin,ayushinhr@woothemes.com,Female
641,Patton,Haldon,phaldonhs@cyberchimps.com,Male
642,Katey,Goodreid,kgoodreidht@census.gov,Female
643,Gardiner,Cobello,gcobellohu@chicagotribune.com,Male
644,Cordelia,Yelland,cyellandhv@example.com,Female
645,Hetty,Prys,hpryshw@unblog.fr,Female
646,Artus,Leverage,aleveragehx@stanford.edu,Male
647,Flore,Aukland,fauklandhy@marketwatch.com,Female
648,Ewen,Gatch,egatchhz@upenn.edu,Male
649,Ximenes,Preskett,xpresketti0@google.com.br,Male
650,Clywd,Amsden,camsdeni1@mapy.cz,Male
651,Carly,Connue,cconnuei2@fema.gov,Non-binary
652,Kira,Laimable,klaimablei3@lulu.com,Female
653,Bobbette,Deex,bdeexi4@mozilla.com,Female
654,Land,Verrico,lverricoi5@wp.com,Male
655,Aguistin,Minto,amintoi6@ox.ac.uk,Male
656,Ruddy,Webben,rwebbeni7@uiuc.edu,Male
657,Kristoforo,Tozer,ktozeri8@ted.com,Male
658,Paula,Sneezem,psneezemi9@wisc.edu,Female
659,Kassie,Dennison,kdennisonia@wikipedia.org,Female
660,Leighton,McAleese,lmcaleeseib@sohu.com,Male
661,Tonie,Edworthie,tedworthieic@google.it,Female
662,Amalee,Rewbottom,arewbottomid@indiatimes.com,Female
663,Gaby,Hinchshaw,ghinchshawie@exblog.jp,Male
664,Kristian,Mellhuish,kmellhuishif@facebook.com,Male
665,Nonna,Settle,nsettleig@simplemachines.org,Female
666,Cross,Fenn,cfennih@abc.net.au,Male
667,Trev,Littlejohns,tlittlejohnsii@e-recht24.de,Bigender
668,Herold,Vatcher,hvatcherij@gizmodo.com,Male
669,Alexandra,Dragoe,adragoeik@google.nl,Female
670,Melinde,Hellsdon,mhellsdonil@pbs.org,Genderqueer
671,Stavro,Covill,scovillim@apache.org,Male
672,Con,Barta,cbartain@independent.co.uk,Male
673,Darryl,Gibbeson,dgibbesonio@unesco.org,Male
674,Caryn,Glabach,cglabachip@wisc.edu,Female
675,Ambrosius,Bisset,abissetiq@sbwire.com,Male
676,Lulita,Cowtherd,lcowtherdir@geocities.jp,Female
677,Claudell,Bottrell,cbottrellis@yolasite.com,Male
678,Christoph,Lumsdon,clumsdonit@sbwire.com,Male
679,Beth,Pymer,bpymeriu@ucoz.ru,Female
680,Gasper,Pods,gpodsiv@tripod.com,Male
681,Wake,Niemiec,wniemieciw@howstuffworks.com,Male
682,Tucker,Beine,tbeineix@nsw.gov.au,Male
683,Emmey,Rigardeau,erigardeauiy@huffingtonpost.com,Female
684,Wylma,Oels,woelsiz@g.co,Agender
685,Des,Piel,dpielj0@netscape.com,Male
686,Dolorita,Passler,dpasslerj1@freewebs.com,Female
687,Hank,Jeckell,hjeckellj2@bloomberg.com,Male
688,Shelbi,Cicchinelli,scicchinellij3@bloomberg.com,Female
689,Engelbert,Liepina,eliepinaj4@europa.eu,Male
690,Alejoa,Laurisch,alaurischj5@sciencedaily.com,Male
691,Arte,Raffan,araffanj6@craigslist.org,Male
692,Barry,Volante,bvolantej7@irs.gov,Male
693,Nalani,Stoodley,nstoodleyj8@studiopress.com,Female
694,Jena,McGrail,jmcgrailj9@behance.net,Female
695,Jody,Meader,jmeaderja@hostgator.com,Agender
696,Carolina,Ashall,cashalljb@google.pl,Female
697,Loleta,Petrasek,lpetrasekjc@barnesandnoble.com,Female
698,Eve,Nott,enottjd@unc.edu,Female
699,Oneida,Trood,otroodje@addthis.com,Female
700,Roberto,Askham,raskhamjf@fc2.com,Male
701,Joelle,Pontefract,jpontefractjg@dailymail.co.uk,Female
702,Tadd,Jablonski,tjablonskijh@home.pl,Male
703,Wolfgang,Colenutt,wcolenuttji@google.fr,Male
704,Camel,Joney,cjoneyjj@slashdot.org,Female
705,Ephrayim,Rodenburg,erodenburgjk@reverbnation.com,Male
706,Gerrard,Rawe,grawejl@ocn.ne.jp,Male
707,Nanette,Biagini,nbiaginijm@360.cn,Female
708,Dulcie,Cyseley,dcyseleyjn@upenn.edu,Genderqueer
709,Claire,Stanesby,cstanesbyjo@arstechnica.com,Female
710,Eran,Kock,ekockjp@tiny.cc,Female
711,Sherwin,Rathmell,srathmelljq@paginegialle.it,Male
712,Farr,Shavel,fshaveljr@yale.edu,Male
713,Enrique,Goldes,egoldesjs@examiner.com,Male
714,Trenna,Swanwick,tswanwickjt@about.com,Female
715,Burt,Dimberline,bdimberlineju@typepad.com,Male
716,Dacie,Stribbling,dstribblingjv@google.es,Bigender
717,Rodie,Lapham,rlaphamjw@smh.com.au,Female
718,Sinclair,Conklin,sconklinjx@amazon.de,Male
719,Beth,Yesipov,byesipovjy@weibo.com,Female
720,Kristine,Pigrome,kpigromejz@sourceforge.net,Female
721,Durward,Diloway,ddilowayk0@wordpress.org,Polygender
722,Gabby,Bier,gbierk1@sphinn.com,Male
723,Bailie,Killeley,bkilleleyk2@xing.com,Male
724,Amory,Marchiso,amarchisok3@shop-pro.jp,Male
725,Fidel,Dahl,fdahlk4@theguardian.com,Male
726,Jose,Bartholomew,jbartholomewk5@wikia.com,Male
727,Jackie,Di Boldi,jdiboldik6@epa.gov,Genderqueer
728,Adel,Monaghan,amonaghank7@blinklist.com,Female
729,Latrena,Foulgham,lfoulghamk8@imageshack.us,Female
730,Langston,Ouldcott,louldcottk9@typepad.com,Male
731,Westbrook,Scemp,wscempka@nymag.com,Male
732,Maisie,Dengel,mdengelkb@typepad.com,Female
733,Damaris,Verney,dverneykc@rakuten.co.jp,Female
734,Osbourne,Dulin,odulinkd@istockphoto.com,Male
735,Mattheus,Goadby,mgoadbyke@jigsy.com,Non-binary
736,Luce,Flett,lflettkf@cpanel.net,Female
737,Em,Sturdgess,esturdgesskg@google.fr,Female
738,Marthena,Wybrew,mwybrewkh@stumbleupon.com,Agender
739,Lelah,Ceney,lceneyki@bloglovin.com,Agender
740,Elyssa,Yoell,eyoellkj@home.pl,Female
741,Krystyna,Alfonso,kalfonsokk@behance.net,Female
742,Billie,Kerslake,bkerslakekl@timesonline.co.uk,Female
743,Sileas,Rapa,srapakm@seattletimes.com,Polygender
744,Ladonna,Menego,lmenegokn@sfgate.com,Female
745,Hatti,Heyworth,hheyworthko@bravesites.com,Female
746,Kleon,Leele,kleelekp@webnode.com,Male
747,Cobbie,Gorges,cgorgeskq@g.co,Male
748,Brynn,Stede,bstedekr@opera.com,Female
749,Barby,Maccraw,bmaccrawks@buzzfeed.com,Female
750,Giovanna,Hankey,ghankeykt@ft.com,Female
751,Sherwynd,Izatt,sizattku@geocities.jp,Male
752,Trisha,Jarrell,tjarrellkv@mapquest.com,Female
753,Erhart,Bonavia,ebonaviakw@eepurl.com,Male
754,Torrie,Keslake,tkeslakekx@chicagotribune.com,Female
755,Maiga,de Clerq,mdeclerqky@nhs.uk,Female
756,Nita,Shapcott,nshapcottkz@delicious.com,Female
757,Pierrette,Grayson,pgraysonl0@clickbank.net,Female
758,Joni,Lever,jleverl1@drupal.org,Female
759,Mano,Bourley,mbourleyl2@ft.com,Male
760,Annabela,Cogley,acogleyl3@samsung.com,Agender
761,Marris,Mallalieu,mmallalieul4@acquirethisname.com,Female
762,Una,Jurkowski,ujurkowskil5@deviantart.com,Female
763,Stafani,Northidge,snorthidgel6@google.com.hk,Female
764,Garret,Wilcinskis,gwilcinskisl7@google.com.hk,Male
765,Garrik,Kitley,gkitleyl8@cargocollective.com,Male
766,Derward,Kemme,dkemmel9@example.com,Male
767,Cornell,Casari,ccasarila@sphinn.com,Male
768,Mack,Ondra,mondralb@ucsd.edu,Male
769,Dalila,Boughtwood,dboughtwoodlc@irs.gov,Female
770,Gilburt,Sowrah,gsowrahld@lulu.com,Male
771,Bliss,Smale,bsmalele@oracle.com,Female
772,Izaak,Garrioch,igarriochlf@domainmarket.com,Male
773,Gaylor,Dietzler,gdietzlerlg@lulu.com,Male
774,Kelvin,Skamal,kskamallh@upenn.edu,Male
775,Janeva,Machans,jmachansli@java.com,Genderqueer
776,Gardiner,Yanyushkin,gyanyushkinlj@constantcontact.com,Agender
777,Artemas,Bearblock,abearblocklk@newyorker.com,Male
778,Nalani,Stroban,nstrobanll@rediff.com,Female
779,Lindsay,Pennone,lpennonelm@tiny.cc,Female
780,Daffi,Hourahan,dhourahanln@sun.com,Female
781,Farra,Clamp,fclamplo@so-net.ne.jp,Female
782,Janeva,Kill,jkilllp@whitehouse.gov,Female
783,Jeannie,Hagard,jhagardlq@scientificamerican.com,Female
784,Ronalda,Crowthe,rcrowthelr@cloudflare.com,Female
785,Gayle,Cockcroft,gcockcroftls@simplemachines.org,Male
786,Raddie,Donaway,rdonawaylt@ifeng.com,Male
787,Jerad,Backen,jbackenlu@soup.io,Non-binary
788,Jermain,Ribchester,jribchesterlv@ovh.net,Genderqueer
789,Nancey,Smiley,nsmileylw@yale.edu,Female
790,Haslett,Rusk,hrusklx@marketwatch.com,Male
791,Duane,Jarmyn,djarmynly@odnoklassniki.ru,Male
792,Ranique,Vondruska,rvondruskalz@cpanel.net,Female
793,Laure,Duesberry,lduesberrym0@paginegialle.it,Non-binary
794,Noel,Grigoletti,ngrigolettim1@slashdot.org,Male
795,Adriena,Roscoe,aroscoem2@eepurl.com,Genderqueer
796,Vernen,Conningham,vconninghamm3@hubpages.com,Male
797,Monah,Crummay,mcrummaym4@cyberchimps.com,Female
798,Andeee,Van den Dael,avandendaelm5@cpanel.net,Female
799,Deloria,Murrigans,dmurrigansm6@ow.ly,Female
800,Garrik,Paunsford,gpaunsfordm7@gov.uk,Male
801,Merry,Titterton,mtittertonm8@discuz.net,Male
802,Brody,Bouzek,bbouzekm9@flavors.me,Male
803,Edie,Voaden,evoadenma@barnesandnoble.com,Non-binary
804,Winny,Grocott,wgrocottmb@multiply.com,Male
805,Kayle,Hoonahan,khoonahanmc@omniture.com,Female
806,Leann,Allderidge,lallderidgemd@studiopress.com,Female
807,Rosemaria,Brownsmith,rbrownsmithme@parallels.com,Female
808,Delmer,March,dmarchmf@mayoclinic.com,Male
809,Celia,Baggelley,cbaggelleymg@moonfruit.com,Female
810,Netti,Moxley,nmoxleymh@redcross.org,Female
811,Elicia,Thunderchief,ethunderchiefmi@phoca.cz,Female
812,Virginia,Volette,vvolettemj@com.com,Female
813,Aldrich,Feifer,afeifermk@ezinearticles.com,Male
814,Max,Cicchitello,mcicchitelloml@baidu.com,Genderfluid
815,Nickie,Penzer,npenzermm@gravatar.com,Male
816,Lishe,Blooman,lbloomanmn@ustream.tv,Female
817,Kim,Treversh,ktrevershmo@reuters.com,Female
818,Renard,Windley,rwindleymp@home.pl,Male
819,Euphemia,Heppner,eheppnermq@github.io,Female
820,Francklin,Ruckledge,fruckledgemr@twitpic.com,Male
821,Town,Manwaring,tmanwaringms@zdnet.com,Male
822,Carmella,Sinkins,csinkinsmt@epa.gov,Female
823,Chad,Penvarden,cpenvardenmu@webeden.co.uk,Female
824,Nicole,Twigg,ntwiggmv@photobucket.com,Female
825,Hermy,Backshell,hbackshellmw@time.com,Male
826,Truda,Bonnick,tbonnickmx@utexas.edu,Female
827,Florrie,Hawksby,fhawksbymy@washingtonpost.com,Female
828,Gav,Nudde,gnuddemz@blogspot.com,Genderqueer
829,Gav,Fritter,gfrittern0@dailymail.co.uk,Male
830,Leandra,Garfirth,lgarfirthn1@independent.co.uk,Female
831,Ricki,Tees,rteesn2@dailymail.co.uk,Male
832,Federica,Doblin,fdoblinn3@51.la,Female
833,Reggie,Giannini,rgianninin4@businessinsider.com,Female
834,Lowe,Burgane,lburganen5@mozilla.org,Male
835,Allayne,Keese,akeesen6@studiopress.com,Male
836,Fabiano,Raistrick,fraistrickn7@google.nl,Male
837,Fredek,Grahamslaw,fgrahamslawn8@samsung.com,Male
838,Thomasina,Manton,tmantonn9@free.fr,Female
839,Pammy,Glowacha,pglowachana@mozilla.com,Female
840,Orson,Arnke,oarnkenb@instagram.com,Male
841,Roselia,Amps,rampsnc@usnews.com,Female
842,Tristam,Storrah,tstorrahnd@indiatimes.com,Male
843,Lisle,Vannozzii,lvannozziine@ox.ac.uk,Male
844,Dollie,Oger,dogernf@netvibes.com,Female
845,Thebault,Avramow,tavramowng@vkontakte.ru,Male
846,Olive,Dowles,odowlesnh@youku.com,Genderqueer
847,Town,Busch,tbuschni@issuu.com,Male
848,Carlyle,Matskiv,cmatskivnj@ustream.tv,Male
849,Fernande,Sparsholt,fsparsholtnk@opera.com,Female
850,Dallas,Whitley,dwhitleynl@ameblo.jp,Male
851,Shanna,Wimmers,swimmersnm@craigslist.org,Polygender
852,Damian,Floris,dflorisnn@cargocollective.com,Male
853,Bailey,De Mattei,bdematteino@furl.net,Male
854,Cecily,Waker,cwakernp@ibm.com,Female
855,Lindsey,Fehely,lfehelynq@mit.edu,Female
856,Brear,O'Lenane,bolenanenr@angelfire.com,Female
857,Trudey,Staggs,tstaggsns@mayoclinic.com,Female
858,Linnell,O'Farrell,lofarrellnt@acquirethisname.com,Female
859,Windham,Toplin,wtoplinnu@cloudflare.com,Male
860,Chelsae,Farrens,cfarrensnv@google.ru,Female
861,Debi,Forte,dfortenw@jalbum.net,Female
862,Shani,Kirkham,skirkhamnx@buzzfeed.com,Female
863,Yasmeen,Adamou,yadamouny@archive.org,Female
864,Terese,Antuk,tantuknz@europa.eu,Female
865,Lilli,Roalfe,lroalfeo0@geocities.jp,Female
866,Lari,Fowden,lfowdeno1@seattletimes.com,Female
867,Thomas,Wholesworth,twholeswortho2@topsy.com,Male
868,Meredith,Bettenay,mbettenayo3@canalblog.com,Bigender
869,Ettie,Broady,ebroadyo4@java.com,Female
870,Geneva,Budgen,gbudgeno5@storify.com,Female
871,Arin,McPeck,amcpecko6@macromedia.com,Male
872,Tootsie,Erangy,terangyo7@creativecommons.org,Female
873,Barnebas,Paschek,bpascheko8@usatoday.com,Male
874,Lon,Meeron,lmeerono9@slashdot.org,Male
875,Khalil,Doumer,kdoumeroa@hugedomains.com,Male
876,Christina,Ovey,coveyob@marketwatch.com,Female
877,Heloise,Breffit,hbreffitoc@tinypic.com,Agender
878,Dicky,Looker,dlookerod@apple.com,Male
879,Roxane,Bjorkan,rbjorkanoe@51.la,Female
880,Gavan,Fallowes,gfallowesof@woothemes.com,Male
881,Elysee,Kniveton,eknivetonog@reddit.com,Female
882,Felicle,Rapa,frapaoh@blogs.com,Female
883,Kettie,Henkens,khenkensoi@jiathis.com,Female
884,Gordie,Du Plantier,gduplantieroj@wired.com,Male
885,Fraze,Swindell,fswindellok@privacy.gov.au,Male
886,Ysabel,Tapsfield,ytapsfieldol@utexas.edu,Female
887,Phelia,Callendar,pcallendarom@spiegel.de,Female
888,Woody,Bocke,wbockeon@ucoz.ru,Male
889,Cesaro,Willmont,cwillmontoo@nyu.edu,Male
890,Horten,McParlin,hmcparlinop@howstuffworks.com,Male
891,Melony,Blazek,mblazekoq@sciencedaily.com,Female
892,Ker,Coomber,kcoomberor@wsj.com,Male
893,Anderea,Castanos,acastanosos@sakura.ne.jp,Female
894,Gaylord,Nation,gnationot@mail.ru,Bigender
895,Brew,McGennis,bmcgennisou@tmall.com,Male
896,Valentine,Vasnetsov,vvasnetsovov@sohu.com,Female
897,Paige,Tohill,ptohillow@nyu.edu,Female
898,Vassily,Varley,vvarleyox@jimdo.com,Male
899,Thalia,Heister,theisteroy@arstechnica.com,Female
900,Freda,Westhead,fwestheadoz@51.la,Female
901,Vivyanne,Pethrick,vpethrickp0@mit.edu,Female
902,Monty,Piercy,mpiercyp1@wp.com,Male
903,Juanita,Pauwel,jpauwelp2@biglobe.ne.jp,Female
904,Milt,Plaistowe,mplaistowep3@forbes.com,Male
905,Louisette,Yegorshin,lyegorshinp4@cbsnews.com,Non-binary
906,Wolf,Esherwood,wesherwoodp5@imgur.com,Male
907,Noelani,Minors,nminorsp6@blinklist.com,Female
908,Arlene,Monro,amonrop7@icq.com,Female
909,Priscilla,Rantoul,prantoulp8@howstuffworks.com,Female
910,Ravi,Eades,readesp9@sun.com,Male
911,Averil,Clempton,aclemptonpa@surveymonkey.com,Male
912,Allie,Durran,adurranpb@zimbio.com,Female
913,Tan,Ruse,trusepc@cocolog-nifty.com,Male
914,Odey,Whitecross,owhitecrosspd@biblegateway.com,Male
915,Ellis,Kall,ekallpe@mit.edu,Non-binary
916,Christoph,Garlinge,cgarlingepf@about.com,Male
917,Helenka,Wagon,hwagonpg@yandex.ru,Female
918,Montague,Sedgebeer,msedgebeerph@vkontakte.ru,Male
919,Menard,Banat,mbanatpi@histats.com,Male
920,Dode,Paskin,dpaskinpj@un.org,Female
921,Andrus,Samweyes,asamweyespk@forbes.com,Male
922,Mabelle,Bridgewood,mbridgewoodpl@vk.com,Female
923,Patsy,Mordue,pmorduepm@surveymonkey.com,Male
924,Dianna,Synan,dsynanpn@pbs.org,Female
925,Kilian,Purrington,kpurringtonpo@topsy.com,Male
926,Carmencita,Mulvin,cmulvinpp@networksolutions.com,Bigender
927,Monty,Schuricke,mschurickepq@phpbb.com,Male
928,Farrah,Saph,fsaphpr@slideshare.net,Female
929,Roselia,Dobey,rdobeyps@springer.com,Female
930,Essy,Bolwell,ebolwellpt@yandex.ru,Female
931,Bret,Fateley,bfateleypu@vistaprint.com,Male
932,Melli,Wheeliker,mwheelikerpv@themeforest.net,Female
933,Rachelle,Corradetti,rcorradettipw@sciencedaily.com,Female
934,Esteban,Gramer,egramerpx@time.com,Male
935,Jenilee,Howard - Gater,jhowardgaterpy@themeforest.net,Female
936,Brenna,McIlvenny,bmcilvennypz@ed.gov,Female
937,Nicolette,Amerighi,namerighiq0@t.co,Female
938,Wood,Frost,wfrostq1@wufoo.com,Male
939,Madlen,Haggart,mhaggartq2@prnewswire.com,Female
940,Jade,Marples,jmarplesq3@flickr.com,Polygender
941,Sabrina,Brackenbury,sbrackenburyq4@comsenz.com,Female
942,Trip,Feveryear,tfeveryearq5@icq.com,Male
943,Roderic,Benoiton,rbenoitonq6@is.gd,Male
944,Iggie,Gerardin,igerardinq7@state.gov,Male
945,Marjie,Longbone,mlongboneq8@va.gov,Genderfluid
946,Patrizia,Putson,pputsonq9@themeforest.net,Female
947,Maridel,Boxhall,mboxhallqa@engadget.com,Genderfluid
948,Gertrudis,Grzelczak,ggrzelczakqb@howstuffworks.com,Female
949,Ephrem,Brayfield,ebrayfieldqc@pen.io,Non-binary
950,Packston,Withur,pwithurqd@seesaa.net,Male
951,Amber,Lapsley,alapsleyqe@youku.com,Female
952,Arlyn,Ravens,aravensqf@weibo.com,Female
953,Shawn,Smithe,ssmitheqg@mapquest.com,Male
954,Gerta,Sancroft,gsancroftqh@homestead.com,Non-binary
955,Addie,Gilardoni,agilardoniqi@github.com,Male
956,Coreen,Loughran,cloughranqj@homestead.com,Female
957,Raymund,Pittam,rpittamqk@fc2.com,Male
958,Barbey,Berendsen,bberendsenql@e-recht24.de,Female
959,Shelley,Feak,sfeakqm@slashdot.org,Male
960,Claybourne,Polini,cpoliniqn@yelp.com,Male
961,Cornie,Ferns,cfernsqo@about.me,Female
962,Isidro,Sleeny,isleenyqp@craigslist.org,Male
963,Thadeus,Dumblton,tdumbltonqq@ucla.edu,Male
964,Haleigh,Purkiss,hpurkissqr@behance.net,Female
965,Ulrika,Capey,ucapeyqs@state.tx.us,Female
966,Vince,Kondratowicz,vkondratowiczqt@fc2.com,Male
967,Odette,Hintze,ohintzequ@jiathis.com,Female
968,Jenna,Dabels,jdabelsqv@purevolume.com,Female
969,Shaw,Chance,schanceqw@discovery.com,Male
970,Lizette,Cowpland,lcowplandqx@free.fr,Female
971,Janka,Norquay,jnorquayqy@geocities.jp,Female
972,Axel,McColm,amccolmqz@yahoo.com,Male
973,Lane,Lund,llundr0@meetup.com,Male
974,Rossie,Niessen,rniessenr1@noaa.gov,Male
975,Delmer,Pothbury,dpothburyr2@symantec.com,Male
976,Shea,Conneau,sconneaur3@loc.gov,Bigender
977,Adelbert,Greatbach,agreatbachr4@stumbleupon.com,Male
978,Augustine,Borzoni,aborzonir5@cbsnews.com,Female
979,Wain,Byng,wbyngr6@netscape.com,Male
980,Lorrin,O'Clery,locleryr7@sogou.com,Agender
981,Caryl,Rex,crexr8@webs.com,Female
982,See,Phoebe,sphoeber9@imageshack.us,Male
983,Dennie,Tice,dticera@soundcloud.com,Bigender
984,Wynny,Clogg,wcloggrb@google.cn,Female
985,Corrine,Geerdts,cgeerdtsrc@google.co.uk,Female
986,Karoly,Breach,kbreachrd@ebay.co.uk,Male
987,Jenifer,Flasby,jflasbyre@infoseek.co.jp,Female
988,Josi,Ivanchenkov,jivanchenkovrf@va.gov,Female
989,Ambrosi,Ondracek,aondracekrg@webs.com,Male
990,Rouvin,Mullinger,rmullingerrh@people.com.cn,Male
991,Scotty,Grimmert,sgrimmertri@arstechnica.com,Male
992,Daren,Klemmt,dklemmtrj@reference.com,Male
993,Corbin,Pestell,cpestellrk@cocolog-nifty.com,Male
994,Hannie,Have,hhaverl@weibo.com,Female
995,Nada,Thackston,nthackstonrm@cisco.com,Female
996,Mata,Kinglake,mkinglakern@earthlink.net,Male
997,Stanton,Mazzei,smazzeiro@berkeley.edu,Male
998,Enos,Dayton,edaytonrp@bigcartel.com,Male
999,Mae,Giampietro,mgiampietrorq@dot.gov,Female
1000,Minerva,Aaronsohn,maaronsohnrr@reference.com,Female
